region,category,message,rationale,sdg_focus
Region I,Trade Optimization,Consider transporting surplus to deficit regions or timing bulk buyers for better margins.,"Prices are dipping well below the national mean, indicating an opportunity to balance inventories across regions.",SDG8
Region II,Supply Risk,Prepare for lean supply-plan short-term imports or buffer stocks.,"Forecasted price is rising faster than 5% month-over-month, which mirrors consecutive increases observed in recent records.",SDG2
Region II,Local Government Action,Alert LGUs/DA for early interventions-cash-for-work on post-harvest storage and logistics.,"Three-month trend and forecasts both point upward, risking household purchasing power.",SDG2
Region III,Supply Risk,Prepare for lean supply-plan short-term imports or buffer stocks.,"Forecasted price is rising faster than 5% month-over-month, which mirrors consecutive increases observed in recent records.",SDG2
Region III,Trade Optimization,Consider transporting surplus to deficit regions or timing bulk buyers for better margins.,"Prices are dipping well below the national mean, indicating an opportunity to balance inventories across regions.",SDG8
Region IV-A,Local Government Action,Alert LGUs/DA for early interventions-cash-for-work on post-harvest storage and logistics.,"Three-month trend and forecasts both point upward, risking household purchasing power.",SDG2
Region IX,Trade Optimization,Consider transporting surplus to deficit regions or timing bulk buyers for better margins.,"Prices are dipping well below the national mean, indicating an opportunity to balance inventories across regions.",SDG8
Region XI,Supply Risk,Prepare for lean supply-plan short-term imports or buffer stocks.,"Forecasted price is rising faster than 5% month-over-month, which mirrors consecutive increases observed in recent records.",SDG2
Region XI,Trade Optimization,Consider transporting surplus to deficit regions or timing bulk buyers for better margins.,"Prices are dipping well below the national mean, indicating an opportunity to balance inventories across regions.",SDG8
Region XII,Local Government Action,Alert LGUs/DA for early interventions-cash-for-work on post-harvest storage and logistics.,"Three-month trend and forecasts both point upward, risking household purchasing power.",SDG2
