category,message,rationale,sdg_focus,forecast_date,forecast_step
Trade Optimization,Consider transporting surplus to deficit regions or timing bulk buyers for better margins.,"Prices are dipping well below the national mean, indicating an opportunity to balance inventories across regions.",SDG8,2025-10-01,1
Supply Risk,Prepare for lean supply-plan short-term imports or buffer stocks.,"Forecasted price is rising faster than 5% month-over-month, which mirrors consecutive increases observed in recent records.",SDG2,2025-10-01,1
Local Government Action,Alert LGUs/DA for early interventions-cash-for-work on post-harvest storage and logistics.,"Three-month trend and forecasts both point upward, risking household purchasing power.",SDG2,2025-10-01,1
Supply Risk,Prepare for lean supply-plan short-term imports or buffer stocks.,"Forecasted price is rising faster than 5% month-over-month, which mirrors consecutive increases observed in recent records.",SDG2,2025-10-01,1
Trade Optimization,Consider transporting surplus to deficit regions or timing bulk buyers for better margins.,"Prices are dipping well below the national mean, indicating an opportunity to balance inventories across regions.",SDG8,2025-10-01,1
Local Government Action,Alert LGUs/DA for early interventions-cash-for-work on post-harvest storage and logistics.,"Three-month trend and forecasts both point upward, risking household purchasing power.",SDG2,2025-10-01,1
Trade Optimization,Consider transporting surplus to deficit regions or timing bulk buyers for better margins.,"Prices are dipping well below the national mean, indicating an opportunity to balance inventories across regions.",SDG8,2025-10-01,1
Supply Risk,Prepare for lean supply-plan short-term imports or buffer stocks.,"Forecasted price is rising faster than 5% month-over-month, which mirrors consecutive increases observed in recent records.",SDG2,2025-10-01,1
Trade Optimization,Consider transporting surplus to deficit regions or timing bulk buyers for better margins.,"Prices are dipping well below the national mean, indicating an opportunity to balance inventories across regions.",SDG8,2025-10-01,1
Local Government Action,Alert LGUs/DA for early interventions-cash-for-work on post-harvest storage and logistics.,"Three-month trend and forecasts both point upward, risking household purchasing power.",SDG2,2025-10-01,1
